slug,name,concept,originalCharacter,description,price,depositAmount,inStock,preOrder,images,colors,features,category,badge,active
star-hunters,Star Hunters,üåü Cazadores de Estrellas,false,"Aventureros c√≥smicos que viajan entre galaxias en busca de estrellas perdidas. Con sus trajes espaciales brillantes y sus mochilas de propulsi√≥n, est√°n listos para cualquier misi√≥n intergal√°ctica.",380.00,190.00,false,true,"[]","[""#FF6B9D"",""#4A90E2"",""#FFD700""]","[""Traje espacial con luces LED"",""Mochila de propulsi√≥n removible"",""Casco con visor transparente"",""Altura: 25cm""]",space-adventure,new,true
chaos-cat,Chaos Cat,üê± Gato del Caos,false,"Un felino travieso del multiverso que deja un rastro de travesuras por donde pasa. Su pelaje cambia de color seg√∫n su estado de √°nimo y sus ojos brillan con energ√≠a ca√≥tica.",380.00,190.00,false,true,"[]","[""#9B59B6"",""#E74C3C"",""#F39C12""]","[""Pelaje suave con detalles hologr√°ficos"",""Ojos con brillo nocturno"",""Cola flexible y posable"",""Altura: 20cm""]",fantasy-creatures,hot,true
kosmik,Kosmik,üåå Guardi√°n C√≥smico,false,"Protector de las dimensiones, nacido de la energ√≠a de mil estrellas. Sus alas brillan con el poder del cosmos y puede viajar a trav√©s del espacio-tiempo.",380.00,190.00,false,true,"[]","[""#6C5CE7"",""#A29BFE"",""#74B9FF""]","[""Alas con efecto hologr√°fico"",""Cuerpo con acabado metalizado"",""Base giratoria incluida"",""Altura: 28cm""]",space-adventure,exclusive,true
sky-pup,Sky Pup,üêï Cachorro Volador,false,"Un adorable cachorro con alas esponjosas que surca los cielos en busca de aventuras. Su pelaje es suave como las nubes y su cola mueve las brisas.",380.00,190.00,false,true,"[]","[""#87CEEB"",""#FFB6C1"",""#FFFFFF""]","[""Alas de peluche extra suaves"",""Collar con campana sonora"",""Expresi√≥n tierna y detallada"",""Altura: 18cm""]",cute-companions,new,true
grunoncito,Gru√±oncito,üòæ Peque√±o Gru√±√≥n,false,"Este peque√±o tiene cara de pocos amigos pero un coraz√≥n de oro. Siempre tiene una expresi√≥n seria que hace re√≠r a todos, aunque en secreto le encantan los abrazos.",380.00,190.00,false,true,"[]","[""#8B7355"",""#D2691E"",""#F5DEB3""]","[""Expresi√≥n facial √∫nica y graciosa"",""Pelaje texturizado realista"",""Brazos cruzados en pose caracter√≠stica"",""Altura: 22cm""]",funny-friends,hot,true
long-arms,Long Arms,ü¶æ Brazos Largos,false,"Criatura peculiar con extremidades extensibles que le permiten alcanzar cualquier cosa. Es el mejor amigo para recuperar objetos lejanos y dar los abrazos m√°s largos del universo.",380.00,190.00,false,true,"[]","[""#20B2AA"",""#48D1CC"",""#E0FFFF""]","[""Brazos articulados y extensibles"",""Manos con dedos flexibles"",""Sonrisa amigable"",""Altura: 26cm (brazos extendidos: 45cm)""]",funny-friends,new,true
sleepy-kitty,Sleepy Kitty,üò¥ Gatito Somnoliento,false,"Un adorable gatito que siempre est√° en busca del lugar perfecto para una siesta. Viene con su propia almohada de nubes y ronronea suavemente cuando lo abrazas.",380.00,190.00,false,true,"[]","[""#FFB6C1"",""#E6E6FA"",""#FFFFFF""]","[""Incluye almohada de nubes miniatura"",""Ojos semicerrados con pesta√±as"",""Pelaje ultra suave"",""Altura: 16cm""]",cute-companions,hot,true
sunny-pup,Sunny Pup,‚òÄÔ∏è Cachorro Solar,false,"Un cachorro radiante que lleva el sol a donde va. Su pelaje brilla con energ√≠a solar y su presencia ilumina cualquier habitaci√≥n.",380.00,190.00,false,true,"[]","[""#FFD700"",""#FFA500"",""#FF6347""]","[""Pelaje con efecto brillante"",""Rayos solares removibles"",""Base luminosa (pilas incluidas)"",""Altura: 24cm""]",space-adventure,exclusive,true
pixel-jester,Pixel Jester,üéÆ Buf√≥n de P√≠xeles,false,"Un personaje saltado directamente de un videojuego retro. Se mueve con animaciones de 8-bits y deja un rastro de p√≠xeles brillantes. Es el favorito de los gamers.",380.00,190.00,false,true,"[]","[""#FF00FF"",""#00FFFF"",""#FFFF00""]","[""Dise√±o inspirado en gr√°ficos retro"",""Detalles pixelados tridimensionales"",""Efectos de sonido 8-bit (bot√≥n activable)"",""Altura: 21cm""]",gaming-heroes,new,true
purple-bunny,Purple Bunny,üê∞ Conejito P√∫rpura,false,"Un conejo m√≠stico de un bosque encantado. Sus orejas largas captan los susurros del viento y su pelaje morado brilla bajo la luz de la luna.",380.00,190.00,false,true,"[]","[""#9370DB"",""#BA55D3"",""#DDA0DD""]","[""Orejas extra largas y flexibles"",""Pelaje con brillo nacarado"",""Pomp√≥n de cola esponjoso"",""Altura: 23cm""]",fantasy-creatures,hot,true
sawbite,Sawbite,ü¶∑ Mordisco Aserrado,false,"Una criatura marina con dientes afilados pero una personalidad amigable. A pesar de su apariencia intimidante, solo quiere jugar y hacer nuevos amigos.",380.00,190.00,false,true,"[]","[""#4682B4"",""#5F9EA0"",""#B0C4DE""]","[""Mand√≠bula articulada"",""Dientes de goma suave"",""Aletas texturizadas"",""Altura: 19cm""]",ocean-buddies,exclusive,true
dark-bunny,Dark Bunny,üåë Conejito Oscuro,false,"El hermano misterioso del Purple Bunny. Emerge de las sombras con un aura enigm√°tica, pero su coraz√≥n es tan tierno como su pelaje oscuro.",380.00,190.00,false,true,"[]","[""#2F4F4F"",""#36454F"",""#708090""]","[""Pelaje negro aterciopelado"",""Ojos con brillo rojo sutil"",""Capa removible"",""Altura: 23cm""]",fantasy-creatures,new,true
sweet-bunny,Sweet Bunny,üç¨ Conejito Dulce,false,"Un conejito hecho de algod√≥n de az√∫car y sue√±os. Huele a vainilla y deja un rastro de purpurina comestible. Es la mascota perfecta para los amantes de los dulces.",380.00,190.00,false,true,"[]","[""#FFB6D9"",""#FFC0CB"",""#FFDDF4""]","[""Textura de algod√≥n de az√∫car"",""Aroma a vainilla incorporado"",""Accesorios con forma de dulces"",""Altura: 20cm""]",cute-companions,hot,true
